aspect,opinion,count
review,full,24
effects,special,11
screen,big,9
film,first,7
intentions,good,6
time,first,6
reason,real,5
character,main,5
equivalent,cinematic,5
movie,bad,5
film,bad,5
times,many,4
thing,only,4
scares,few,4
person,first,4
work,best,4
movie,good,4
scenes,few,4
place,right,4
characters,many,4
hour,half,4
laughs,few,4
life,real,4
comedy,romantic,4
time,good,4
movie,better,4
tale,cautionary,4
budget,low,3
film,entire,3
drama,romantic,3
twists,clever,3
book,comic,3
way,best,3
joke,single,3
thriller,psychological,3
act,first,3
school,high,3
films,other,3
story,good,3
act,third,3
rent,low,3
style,visual,3
matter,subject,3
movie,own,3
key,low,3
movie,stupid,3
hour,first,3
attempts,many,3
sense,much,3
premise,interesting,3
movies,worst,3
laughs,unintentional,3
movie,first,3
movie,worst,3
fun,more,3
good,own,3
suspense,little,3
movie,structured,2
people,talented,2
line,long,2
guy,good,2
comedy,physical,2
time,much,2
minutes,first,2
characters,real,2
performances,solid,2
killer,serial,2
film,stupid,2
bit,little,2
slog,dreary,2
adult,young,2
potential,much,2
appeal,main,2
comedy,bad,2
film,less,2
depth,more,2
hint,tiny,2
film,new,2
motion,slow,2
rise,high,2
drama,full,2
plot,actual,2
thing,same,2
ups,close,2
thing,worst,2
day,latter,2
course,main,2
memory,recent,2
time,third,2
films,first,2
satire,social,2
action,live,2
night,late,2
thriller,empty,2
charm,much,2
version,new,2
budget,big,2
things,many,2
place,first,2
thriller,rote,2
characters,main,2
decisions,bad,2
fun,much,2
movie,dumb,2
moments,few,2
promise,early,2
years,last,2
thriller,political,2
holes,many,2
things,good,2
rate,second,2
idea,bad,2
characters,boring,2
stars,big,2
issues,unresolved,2
moments,several,2
children,young,2
time,long,2
pleasures,small,2
script,bad,2
cast,good,2
aspects,political,2
people,beautiful,2
twists,many,2
news,bad,2
sequel,tired,2
past,present,2
affection,great,2
plot,predictable,2
waste,complete,2
rights,civil,2
movie,actual,2
concept,high,2
ideas,original,2
doses,small,2
comedy,broad,2
effects,visual,2
film,silly,2
giggles,few,2
adventure,new,2
comedy,dark,2
films,few,2
people,good,2
ones,wee,2
thing,real,2
laughs,cheap,2
story,real,2
act,second,2
movies,good,2
movie,great,2
film,good,2
film,little,2
movies,few,2
investment,emotional,2
glasses,3d,2
right,own,2
movie,dull,2
condition,human,2
movies,other,2
attempt,misguided,2
story,true,2
relief,comic,2
day,modern,2
minutes,few,2
chuckles,few,2
film,heavy,2
effects,shoddy,2
melodrama,conventional,2
herrings,red,2
melodrama,sappy,2
actors,wonderful,2
time,next,2
movie,generic,2
idea,great,2
efforts,best,2
film,complex,2
pleasure,guilty,2
movies,many,2
story,simple,2
moments,funny,2
reason,other,2
debut,directorial,2
treatment,superficial,2
class,middle,2
people,many,2
movies,bad,2
comedy,black,2
movies,worse,2
character,female,2
story,familiar,2
numbers,musical,2
sell,hard,2
illness,mental,1
script,original,1
thrills,palpable,1
comedies,late,1
humor,physical,1
filmmaker,better,1
wizard,actual,1
situation,perilous,1
outcome,happy,1
outcome,free,1
while,long,1
flagellation,cinematic,1
profundity,expected,1
talk,much,1
sensation,enough,1
bedfellows,unlikely,1
reign,mid,1
rhetoric,anti,1
rhetoric,-,1
rhetoric,gay,1
policies,union,1
policies,public,1
story,sweet,1
question,important,1
murders,enough,1
murders,more,1
seasons,several,1
epic,least,1
epic,scorsese,1
deal,real,1
naysayers,such,1
effort,calculated,1
angle,filmmaking,1
market,foreign,1
doldrums,theatrical,1
prose,eager,1
prose,exploratory,1
movie,inert,1
limbs,dismembered,1
tics,flashy,1
messages,mixed,1
movie,cruel,1
movie,spirited,1
theme,christian,1
way,fresh,1
way,rich,1
rebels,heroic,1
storytelling,cinematic,1
need,personal,1
session,bad,1
cd,future,1
cast,terrific,1
cast,ensemble,1
screenplay,uninspired,1
screenplay,unfocused,1
moments,many,1
moments,contrived,1
failure,domestic,1
negligence,corporate,1
possibilities,endless,1
possibilities,-,1
possibilities,ed,1
possibilities,nudist,1
gospel,biblical,1
speech,next,1
speech,big,1
opportunities,many,1
accents,scottish,1
marriage,forced,1
wit,sharp,1
wit,english,1
overkill,broad,1
values,slicker,1
lessons,most,1
drama,miserable,1
predilection,typical,1
experiment,interesting,1
feature,debut,1
baseball,inside,1
part,meta,1
leads,attractive,1
docs,current,1
excruciating,listless,1
moments,great,1
somethings,fanged,1
crowd,pleasing,1
light,much,1
trimmings,fancy,1
focus,more,1
film,satisfying,1
thriller,rare,1
way,same,1
movie,ordinary,1
team,huge,1
thrills,esque,1
mystery,intriguing,1
hours,solid,1
way,horrendous,1
survivors,earlier,1
existence,entire,1
consideration,morose,1
recovery,steady,1
tale,dull,1
adults,most,1
viewers,young,1
documentaries,political,1
process,electoral,1
form,perverse,1
comedy,boring,1
lies,few,1
story,obvious,1
audacity,deaky,1
concern,grandiose,1
elegance,formal,1
mash,historic,1
place,visceral,1
film,sour,1
romance,honest,1
key,unconventional,1
violence,graphic,1
tension,super,1
tension,-,1
confessions,overheated,1
wad,crumpled,1
business,funny,1
seller,best,1
monologue,thorny,1
monologue,inner,1
talk,pompous,1
frontier,digital,1
story,original,1
integrity,much,1
performances,few,1
performances,wonderful,1
film,distracted,1
irresponsibility,utter,1
ideas,bizarre,1
gimmicks,visual,1
melange,frustrating,1
locations,more,1
ending,lame,1
light,fluffy,1
woman,lone,1
men,grim,1
jokes,many,1
son,automatous,1
wife,callous,1
questions,difficult,1
answers,satisfying,1
lack,complete,1
presentation,overall,1
presentation,lifeless,1
foundation,shaky,1
child,inner,1
sequel,inevitable,1
life,ordinary,1
funnyman,groundbreaking,1
ways,many,1
drugs,other,1
trailer,first,1
fans,pre,1
fans,-,1
ancestors,vibrant,1
ancestors,classic,1
steps,basic,1
movie,many,1
side,other,1
stuff,best,1
affair,whole,1
affair,silly,1
adaptation,poor,1
novel,interesting,1
strides,few,1
strides,touching,1
sisterhood,senior,1
girl,old,1
characters,compelling,1
values,big,1
timing,good,1
film,better,1
act,ludicrous,1
taste,bad,1
taste,comedic,1
subjects,such,1
subjects,aware,1
fey,winkingly,1
hair,bad,1
tale,tawdry,1
tale,bizarre,1
style,enough,1
hours,several,1
value,real,1
values,low,1
remakes,sloppy,1
horrors,personal,1
movie,private,1
time,grand,1
time,old,1
morals,ugly,1
morals,twisted,1
misfire,amusing,1
location,pretty,1
clash,heavyweight,1
bonkers,intriguingly,1
exercise,boring,1
farce,free,1
dialogue,weak,1
pacing,poor,1
performance,hearted,1
film,total,1
allegory,political,1
fantasy,frustrating,1
action,chaotic,1
capture,creepy,1
retread,flat,1
warmover,lackluster,1
poetry,indie,1
deadpan,anesthetized,1
level,whole,1
level,new,1
cop,white,1
officer,black,1
hunger,real,1
nourishment,emotional,1
camp,gay,1
context,homoerotic,1
comedy,slight,1
character,horrible,1
concept,exceptional,1
execution,questionable,1
failure,fascinating,1
film,oddball,1
none,less,1
homages,beautiful,1
homages,visual,1
homages,big,1
wiggle,less,1
eyes,old,1
moving,laconic,1
protagonist,fierce,1
steals,brazenly,1
director,female,1
writer,female,1
burn,slow,1
movie,tired,1
failure,huge,1
show,terrific,1
talent,gigantic,1
hodgepodge,strange,1
montage,mid,1
device,classic,1
version,dodgy,1
specificity,historical,1
act,expansive,1
trappings,predictable,1
trappings,archetypal,1
actors,professional,1
effects,colorful,1
fish,bigger,1
line,bruckheimer,1
language,naughty,1
hook,solid,1
comedian,untalented,1
comedian,misogynistic,1
topic,great,1
topic,gritty,1
trip,innocent,1
time,pivotal,1
drama,dismal,1
direction,flat,1
dialogue,dreadful,1
performances,free,1
saw,final,1
comedy,natured,1
comedy,ensemble,1
remake,jumbled,1
reason,good,1
attempt,despicable,1
thriller,silly,1
thriller,convoluted,1
release,theatrical,1
thud,resounding,1
promotes,preachy,1
film,average,1
story,clever,1
way,bland,1
experiment,intriguing,1
experiment,social,1
endurance,bodily,1
adventure,rugged,1
work,tough,1
characters,cartoonish,1
depiction,grungy,1
description,apt,1
slasher,terrible,1
act,least,1
showcase,stronger,1
tone,wobbly,1
line,bottom,1
comedy,surreal,1
humour,cool,1
ambition,weighty,1
lack,wholesale,1
adventure,better,1
bore,old,1
drama,australian,1
silences,long,1
silences,meaningful,1
silences,short,1
prize,grand,1
confection,unhealthy,1
comedy,innocuous,1
squad,successful,1
hokum,pure,1
jerk,common,1
releases,ludicrous,1
gags,best,1
activist,former,1
tendencies,autistic,1
choices,poor,1
exercise,pure,1
exercise,unencumbered,1
concerns,larger,1
discomfort,deep,1
lines,spoken,1
thing,good,1
script,good,1
attempt,shabby,1
romp,teen,1
quality,distinctive,1
fare,tepid,1
level,human,1
fan,big,1
plot,banal,1
characters,indistinguishable,1
vision,bleak,1
vision,futuristic,1
story,stale,1
story,redundant,1
circles,same,1
circles,tight,1
secret,new,1
change,unconvincing,1
tale,tragic,1
flame,bright,1
turns,dull,1
film,funnier,1
twist,fresh,1
twist,unexpected,1
director,same,1
trips,many,1
whorehouse,best,1
whorehouse,little,1
plot,implausible,1
plot,full,1
gags,physical,1
role,embarrassing,1
bet,good,1
jaunt,jumbled,1
hokum,hyperbolic,1
characterizations,reflective,1
philosophy,glib,1
stuff,dark,1
satire,original,1
contents,political,1
stories,familiar,1
thriller,dusty,1
farce,loud,1
farce,postmodern,1
attempt,headed,1
conflict,final,1
ways,more,1
characters,human,1
turkeys,frozen,1
suffering,indulgent,1
seltzer,stale,1
plot,flimsy,1
sense,vague,1
movie,tedious,1
scenes,effective,1
effort,serious,1
disappointment,biggest,1
filmmaker,bad,1
sequences,silly,1
saga,overstuffed,1
senses,own,1
round,repetitive,1
ambiguity,visual,1
script,unimaginative,1
disappointment,misguided,1
silliness,pure,1
silliness,silly,1
conclusion,incompetent,1
quality,like,1
episode,overlong,1
part,most,1
painting,bloody,1
trouble,serious,1
joke,obvious,1
story,looser,1
plots,unnecessary,1
urge,general,1
excitement,cleverness,1
thriller,suspenseful,1
sports,average,1
disappointment,first,1
disappointment,major,1
acts,first,1
dealers,white,1
contracts,military,1
pictures,bad,1
woman,belligerent,1
jokes,fat,1
gimmicky,more,1
silliness,much,1
pieces,funny,1
man,half,1
robot,half,1
payoff,little,1
protagonist,sinister,1
classic,new,1
film,pretty,1
publisher,devoted,1
publisher,young,1
byplay,romantic,1
names,traditional,1
jealousy,petty,1
smile,forced,1
attitude,funky,1
farewell,grim,1
farewell,hearted,1
premise,promising,1
scenery,gorgeous,1
performance,entertaining,1
effort,formulaic,1
contrivances,many,1
awayarrives,flushed,1
time,wrong,1
cast,wrong,1
sort,right,1
adulation,critical,1
end,other,1
comedies,french,1
counterparts,american,1
flick,ripe,1
flick,noisy,1
episode,great,1
picture,disappointing,1
score,nice,1
score,creepy,1
score,complete,1
accents,esque,1
concept,terrifying,1
urgency,little,1
sensation,seedy,1
tropes,standard,1
tropes,glossy,1
ineptitude,scary,1
interest,actual,1
feel,comfortable,1
yarn,exciting,1
yarn,likable,1
effort,slight,1
disposition,reasonable,1
craftsmanship,finished,1
scenes,semi,1
scenes,-,1
mess,scattershot,1
tone,sedate,1
source,same,1
values,high,1
sets,elaborate,1
cinematography,gorgeous,1
reasons,compelling,1
quest,main,1
results,laughable,1
imitation,pale,1
imitation,loud,1
imitation,american,1
glee,much,1
film,fifth,1
take,original,1
pace,stately,1
characters,intriguing,1
series,gorgeous,1
conclusion,flat,1
silliness,shameless,1
direction,wobbly,1
leap,mid,1
leap,-,1
leap,chase,1
times,other,1
fare,hyper,1
fare,-,1
scenes,dreadful,1
bonding,male,1
protagonist,indulgent,1
drama,sour,1
drama,grating,1
bourgeoisie,parisian,1
comedy,screwball,1
concept,frothy,1
satisfaction,little,1
violence,supernatural,1
intentions,serious,1
end,dead,1
detours,many,1
ensemble,large,1
time,short,1
screentime,real,1
direction,fisted,1
sensitivities,smallest,1
approach,clamorous,1
examinations,furtive,1
problems,larger,1
problems,philosophical,1
diatribes,vague,1
episodes,few,1
episodes,isolated,1
misfortune,adjacent,1
moment,rare,1
vampires,teenage,1
filmmaking,clumsy,1
parody,weak,1
movie,bankrupt,1
banter,macho,1
streets,hard,1
equivalent,artistic,1
manner,worried,1
half,first,1
movies,better,1
movies,appealing,1
world,muslim,1
setup,sharp,1
capitalism,unfettered,1
thriller,intelligent,1
supply,short,1
melodrama,stunning,1
contrast,such,1
contrast,extreme,1
mo,slo,1
combat,bloody,1
film,amusing,1
children,most,1
exit,nearest,1
face,unwelcome,1
face,new,1
species,same,1
thirds,first,1
project,smug,1
project,pointless,1
edginess,endless,1
obsession,unhealthy,1
lovers,diehard,1
review,capsule,1
moments,keen,1
teacher,conscientious,1
lab,weird,1
ideas,great,1
cast,misfit,1
lady,bland,1
identity,unique,1
developments,implausible,1
inspection,ripe,1
unrest,brotherly,1
actors,limited,1
melodrama,uninvolving,1
finale,phony,1
wreck,total,1
glorification,reckless,1
piece,unsteady,1
icons,familiar,1
energy,sluggish,1
energy,low,1
film,insensitive,1
audiences,non,1
audiences,-,1
audiences,israeli,1
handedness,heavy,1
movie,disposable,1
life,long,1
face,compelling,1
face,human,1
entities,separate,1
jokes,crude,1
man,good,1
undertaking,spiritual,1
good,precious,1
bad,tremendous,1
drama,brutal,1
minutes,bloated,1
energy,frantic,1
films,worst,1
murder,political,1
scale,nuclear,1
spark,special,1
flop,awkward,1
figures,cardboard,1
sentiment,enough,1
antihumanism,rampant,1
settings,futuristic,1
sense,basic,1
sense,common,1
craftsmanship,solid,1
name,dreary,1
improvement,marked,1
miniseries,tedious,1
shortcomings,same,1
material,original,1
scene,tasty,1
integrity,certain,1
integrity,ugly,1
sequel,gruesome,1
product,pathetic,1
lead,nuanced,1
creation,grotesque,1
siren,minded,1
creation,bloated,1
film,vampire,1
dialogue,clunky,1
stride,confident,1
flavor,esque,1
outing,first,1
money,good,1
comedy,gross,1
representation,poor,1
themes,inherent,1
director,good,1
world,future,1
conversation,fictional,1
embodiment,figurative,1
vision,own,1
vision,superior,1
skeletons,dusty,1
style,frenetic,1
misanthropy,funny,1
misanthropy,sour,1
attempt,vacuous,1
heroine,shallow,1
behaviour,caddish,1
movie,fun,1
shot,odd,1
shot,vivid,1
imagination,dynamic,1
imagination,visual,1
project,indifferent,1
nightmare,absurd,1
nightmare,freudian,1
dream,wet,1
dream,bad,1
limp,sniffling,1
mishmash,bombastic,1
moment,only,1
moment,worth,1
face,brave,1
commentary,pointed,1
legacy,cinematic,1
1980s,dull,1
ways,mysterious,1
piece,predictable,1
fascination,gross,1
narrative,jagged,1
comedy,lavish,1
agony,frank,1
phones,mobile,1
phones,boring,1
letdown,total,1
characters,unlikable,1
stories,true,1
scribes,few,1
twists,more,1
narrative,usual,1
narrative,long,1
costumes,excellent,1
brainwashing,cultural,1
thumb,sore,1
obsession,romantic,1
conclusion,sappy,1
approach,primitive,1
charm,natural,1
parody,mad,1
scenery,striking,1
movie,real,1
guide,disagreeable,1
paranoia,hallucinatory,1
filmmaker,young,1
reasons,wrong,1
thriller,subpar,1
subject,interesting,1
movie,interesting,1
movie,clever,1
melodrama,fashioned,1
mess,murky,1
quality,high,1
freedom,religious,1
docs,many,1
guys,other,1
film,balanced,1
swirl,non,1
swirl,-,1
swirl,stop,1
resonance,sociological,1
charisma,enough,1
result,particular,1
combination,horrible,1
waste,spectacular,1
fascination,perverse,1
message,moral,1
concoction,mushy,1
fare,decent,1
cast,relaxed,1
climate,current,1
superficiality,such,1
superficiality,scant,1
plot,dim,1
people,responsible,1
star,oddest,1
imaginable,bad,1
imaginable,satanic,1
cams,shaky,1
teenager,undereducated,1
scenes,beautiful,1
wit,nostalgic,1
slog,long,1
atmospherics,creepy,1
time,brief,1
action,droopy,1
actors,best,1
actors,comic,1
eggs,enough,1
explanation,more,1
lack,relative,1
relief,surprising,1
century,21st,1
elements,positive,1
elements,technical,1
execution,conscious,1
piece,triumphal,1
snore,contagious,1
element,human,1
star,burly,1
choices,old,1
choices,uninspired,1
choices,averse,1
drudgery,sheer,1
games,titular,1
thriller,dystopian,1
era,new,1
idea,worse,1
thriller,brutal,1
import,australian,1
love,lost,1
time,second,1
formula,simple,1
directions,strange,1
majority,vast,1
movie,terrible,1
rife,awful,1
series,spectacular,1
stunts,spectacular,1
cameos,pointless,1
wheel,square,1
locations,interesting,1
spark,little,1
spark,genuine,1
film,sweet,1
insight,enough,1
exercise,technical,1
movies,visionary,1
vision,bigger,1
glance,sloppy,1
analysis,meaningful,1
member,only,1
films,many,1
films,past,1
effects,good,1
dialogue,full,1
cast,decent,1
genius,post,1
genius,-,1
genius,modern,1
series,original,1
players,strong,1
figure,central,1
asides,humorous,1
mess,dull,1
point,focal,1
banality,soporific,1
group,small,1
age,golden,1
slashers,american,1
predominance,total,1
narcissism,pure,1
mutt,stubborn,1
mutt,mangy,1
mutt,haired,1
guidance,more,1
range,free,1
trite,predictable,1
satire,light,1
analogy,ponderous,1
analogy,anthropological,1
maze,cool,1
scenarios,apocalyptic,1
tone,general,1
dictator,warm,1
examples,duller,1
spot,right,1
moments,clever,1
entertainment,requisite,1
heft,emotional,1
aspirations,higher,1
subject,fascinating,1
feature,commercial,1
figure,charismatic,1
crashes,better,1
blame,historical,1
days,idyllic,1
tunes,few,1
tunes,touching,1
cheesy,boring,1
sheen,blue,1
premise,fascinating,1
cartoon,big,1
cartoon,fashioned,1
material,genetic,1
term,short,1
approach,sputtering,1
film,ridiculous,1
sign,first,1
movie,slow,1
action,unclear,1
convertibles,vintage,1
study,thin,1
plot,much,1
names,biggest,1
anxiety,twitchy,1
anonymity,doughy,1
handbag,counterfeit,1
body,weird,1
idea,modest,1
team,creative,1
misfires,doubtful,1
story,enlightening,1
heroes,unsung,1
drama,standard,1
predictability,tiresome,1
idea,good,1
twist,preposterous,1
conflict,religious,1
line,other,1
line,main,1
feud,deadly,1
thrust,political,1
concoction,messy,1
spectacle,gory,1
logic,little,1
relief,mild,1
comedy,unappealing,1
weirdness,grand,1
desolation,dire,1
kicking,dirty,1
soundtrack,terrific,1
kind,worst,1
fun,simple,1
fun,idiot,1
mountain,big,1
mountain,dumb,1
volume,sheer,1
business,grisly,1
kids,same,1
kitsch,full,1
showing,poor,1
level,certain,1
moments,creepy,1
fire,rapid,1
action,incoherent,1
man,wrong,1
film,overall,1
ambiance,detached,1
jokes,numerous,1
jokes,piss,1
fashion,epistolary,1
characteris,main,1
leader,fearless,1
audiences,younger,1
movie,childish,1
turns,modern,1
turns,dark,1
laughs,great,1
premise,flimsy,1
film,whole,1
film,notorious,1
variation,scant,1
comfort,common,1
ending,redemptive,1
ending,happy,1
story,nice,1
potential,untapped,1
despair,existential,1
modicum,least,1
credulity,emotional,1
exchanges,lovely,1
awe,same,1
author,swedish,1
performances,tremendous,1
outlook,positive,1
meal,great,1
cgi,wizardry,1
wirework,removed,1
reality,physical,1
doll,evil,1
adaptation,gritty,1
age,meaningful,1
sense,perfect,1
ground,familiar,1
experience,human,1
lessons,few,1
love,tough,1
supervillains,best,1
faces,familiar,1
aftertaste,sour,1
actors,accomplished,1
screenwriting,sensitive,1
effects,impressive,1
horror,heartbreaking,1
world,real,1
interviews,individual,1
plot,disjointed,1
characters,cliched,1
metaphors,visual,1
one,dull,1
screenwriters,mercenary,1
clunker,fantastical,1
warming,bland,1
warming,moronic,1
inversion,subtle,1
women,ecstatic,1
competition,youthful,1
awareness,social,1
drama,routine,1
performers,talented,1
brilliance,comedic,1
projects,worthy,1
stray,odd,1
pneumonia,double,1
boys,frat,1
action,frantic,1
ideals,fractured,1
hour,worth,1
sequel,bad,1
stakes,high,1
stage,much,1
stretches,early,1
beauty,statuesque,1
discerning,least,1
ambitions,outsized,1
characterizations,stereotypical,1
elements,predictable,1
moment,frightening,1
study,unsatisfying,1
study,psychological,1
mother,neglectful,1
redemption,spiritual,1
concoctions,whimsical,1
actor,hyperkinetic,1
hybrid,bizarre,1
hybrid,strange,1
demon,half,1
subplots,annoying,1
aspects,few,1
shell,aloof,1
embodiment,full,1
grimace,sad,1
curiosity,watchable,1
discourse,political,1
judgment,ultimate,1
judgment,poor,1
dirges,grungy,1
comedy,silly,1
comedy,crass,1
commando,badass,1
commando,israeli,1
talent,good,1
display,bad,1
version,french,1
thrillers,post,1
thrillers,-,1
thrillers,matrix,1
movie,meaningless,1
parlance,modern,1
riddle,nigh,1
riddle,impossible,1
excitement,visceral,1
commentary,subtle,1
commentary,political,1
voices,loud,1
vulgarities,mild,1
punchlines,actual,1
note,definite,1
asides,quirky,1
mechanism,adolescent,1
path,curious,1
film,hood,1
aspect,compelling,1
subtext,dark,1
elements,handed,1
environment,hostile,1
singer,popular,1
point,definitive,1
treatment,objective,1
tone,sarcastic,1
tone,nasty,1
clashes,smug,1
clashes,hipness,1
attempts,shrill,1
satire,serious,1
photography,uninspired,1
effect,bokeh,1
waste,lamest,1
rights,recent,1
progress,racial,1
lessons,inspiring,1
pace,glacial,1
juxtaposition,piquant,1
location,tropical,1
location,nigerian,1
career,late,1
sinister,stodgy,1
job,workmanlike,1
turn,energetic,1
turn,double,1
revisionism,historical,1
crises,national,1
tale,misguided,1
tale,comatose,1
ideas,bad,1
film,footed,1
affront,worst,1
nature,emphatic,1
drafts,different,1
comedy,recent,1
comedy,aged,1
mileage,maximum,1
mileage,comic,1
men,heterosexual,1
men,other,1
casting,central,1
suspense,consistent,1
material,such,1
epic,pretended,1
title,highfalutin,1
tale,shaggy,1
tale,human,1
text,fitting,1
novel,dystopian,1
act,last,1
message,passionate,1
scenes,several,1
scenes,melodramatic,1
mouths,open,1
choices,standard,1
assault,horrid,1
relationship,central,1
parts,later,1
plot,routine,1
poseurs,pretentious,1
poseurs,urbanite,1
boy,rowdy,1
performances,strong,1
culture,mad,1
weddings,most,1
jokes,same,1
hopes,high,1
decisions,several,1
decisions,directorial,1
dresses,pretty,1
character,useless,1
thing,first,1
mess,convoluted,1
time,reasonable,1
action,frenetic,1
gift,exact,1
movie,original,1
blockbuster,bold,1
blockbuster,innovative,1
risks,massive,1
cliches,common,1
messages,superficial,1
messages,jingoistic,1
sentiment,such,1
sentiment,noble,1
history,bloody,1
ambiguity,moral,1
failure,ultimate,1
politics,unilateral,1
dimensions,conversant,1
star,repulsive,1
tale,dark,1
story,fictional,1
brother,kid,1
intentions,best,1
shiver,single,1
circumstances,mysterious,1
movie,inspirational,1
pirates,crazy,1
pirates,somali,1
hostage,entire,1
dirge,solemn,1
aura,own,1
aura,oppressive,1
investigation,handsome,1
investigation,inconsequential,1
life,political,1
absence,complete,1
movie,anonymous,1
example,sad,1
masters,old,1
inanity,limp,1
inanity,sleazy,1
mastery,digital,1
enterprise,overall,1
film,derivative,1
film,awful,1
satire,unfunny,1
provocation,strained,1
drummer,different,1
assassin,old,1
hottie,young,1
hottie,local,1
teetering,unfocused,1
satire,pointed,1
remake,nostalgic,1
stumble,artistic,1
substance,real,1
anime,japanese,1
movie,frustrating,1
points,multiple,1
points,possible,1
cast,ingratiating,1
themes,serious,1
place,graceless,1
excitement,genuine,1
amounts,minimal,1
topples,outright,1
jerk,alcoholic,1
grabs,incomprehensible,1
efforts,successful,1
thing,whole,1
mess,tedious,1
fable,creepy,1
fable,dystopian,1
biter,tense,1
pacing,sluggish,1
performances,fine,1
production,fine,1
ideas,fascinating,1
couple,ultimate,1
couple,odd,1
task,easy,1
seriousness,own,1
audience,public,1
metaphor,apt,1
film,ambitious,1
performance,strong,1
ideas,unique,1
bag,empty,1
kind,rudimentary,1
bits,scary,1
collection,simple,1
turf,familiar,1
adolescence,awkward,1
misfire,dumb,1
existence,mere,1
translation,forgettable,1
belief,central,1
drama,magical,1
change,unwelcome,1
movie,wrong,1
depths,stereotypical,1
fixation,major,1
toys,inflatable,1
joke,fat,1
jokes,enough,1
moments,dopey,1
moments,inspirational,1
benefits,ancillary,1
force,sheer,1
force,emotional,1
grace,staggering,1
imprint,cartoonish,1
jokes,decent,1
vehicle,first,1
fulfills,last,1
fulfills,key,1
installment,weakest,1
contribution,modern,1
hours,late,1
mash,horrific,1
number,large,1
ends,dead,1
character,single,1
drama,delicate,1
drama,human,1
satire,ordinary,1
bath,warm,1
water,hot,1
film,chaotic,1
disaster,absolute,1
whoop,big,1
flashbacks,many,1
ending,choppy,1
affair,artificial,1
action,exceptional,1
films,successful,1
entertainment,mindless,1
drama,classic,1
moral,profound,1
comedy,free,1
uninteresting,predictable,1
uninteresting,worthless,1
misstep,brief,1
heroes,many,1
characters,few,1
film,pallid,1
movie,silliest,1
graphics,flashy,1
cutting,quick,1
action,compelling,1
writing,poor,1
writing,comedic,1
mess,huge,1
families,dysfunctional,1
girlfriend,ultimate,1
wan,listless,1
consumption,conspicuous,1
movie,contemporary,1
movie,british,1
voyeurism,comic,1
comedy,overrated,1
spirit,sweet,1
audiences,contemporary,1
levels,emotional,1
ingredient,secret,1
interest,more,1
hit,easy,1
story,stuck,1
drama,jagged,1
drama,new,1
ticket,single,1
plot,pedantic,1
farce,multiplex,1
writing,uninspired,1
direction,bland,1
backdrop,british,1
undermines,aesthetic,1
piece,precise,1
nightmarescape,dreamlike,1
surgery,routine,1
ways,profound,1
comedy,stupid,1
comedy,obnoxious,1
points,only,1
time,inevitable,1
effort,woeful,1
effort,banal,1
movie,eared,1
regards,many,1
footnotes,many,1
showcase,witless,1
act,double,1
thing,best,1
scarehouse,fair,1
movies,grim,1
intent,real,1
film,bland,1
ad,blatant,1
book,certain,1
speeches,didactic,1
twist,paranoid,1
engagement,awkward,1
piquancy,biographical,1
actor,non,1
actor,-,1
disposition,primary,1
history,punctilious,1
history,social,1
amplifications,operatic,1
vacuum,post,1
vacuum,-,1
vacuum,twilight,1
tenacity,quiet,1
chases,good,1
battle,chief,1
century,sixth,1
gore,uninspired,1
music,bland,1
vehicle,unfortunate,1
skulls,severed,1
interest,genuine,1
images,such,1
picture,asian,1
shakes,great,1
control,full,1
form,convoluted,1
content,lurid,1
remake,awkward,1
remake,semi,1
remake,-,1
remake,retro,1
sequel,awful,1
excitement,awkward,1
word,curse,1
mystery,central,1
comedy,puerile,1
animation,zippy,1
theme,tired,1
business,big,1
science,modern,1
creature,remarkable,1
attempt,thin,1
stereotypes,detrimental,1
biases,own,1
ingredients,right,1
thriller,timely,1
concept,relevant,1
helmer,wrong,1
perspective,requisite,1
saga,like,1
film,coherent,1
program,much,1
gags,gross,1
sentiment,slapstick,1
season,festive,1
way,haphazard,1
dance,authentic,1
fans,slapstick,1
fans,dramedy,1
adolescence,same,1
character,titular,1
events,major,1
depth,substantial,1
footage,gifted,1
man,actual,1
mess,confusing,1
vision,brilliant,1
themes,religious,1
character,unnecessary,1
sequel,lackadaisical,1
performance,believable,1
drivel,friendly,1
conflicts,rudimentary,1
evidence,embarrassing,1
original,ragged,1
original,french,1
remake,american,1
experiences,agonizing,1
standpoint,viewer,1
narrator,unreliable,1
narrator,sure,1
cartoon,grotesque,1
money,other,1
level,good,1
film,busy,1
idea,faintest,1
accents,ridiculous,1
accents,mid,1
accents,-,1
accents,atlantic,1
gags,dire,1
scenes,plentiful,1
performance,charismatic,1
dancer,former,1
dancer,professional,1
time,more,1
fan,13th,1
entry,particular,1
tale,celebrated,1
flourishes,fantastical,1
order,first,1
lapses,shocking,1
future,better,1
noses,great,1
jabs,cheap,1
trudge,meretricious,1
gifts,comedic,1
tale,classic,1
wrapping,ugly,1
duller,uglier,1
fare,recent,1
nominees,former,1
person,rich,1
time,prime,1
spots,hot,1
eye,sardonic,1
places,best,1
turn,decent,1
turn,central,1
relationship,healthy,1
film,danish,1
weeks,final,1
attention,more,1
appearance,cosmetic,1
film,lost,1
movies,more,1
cartoons,optical,1
decade,half,1
cinema,conscious,1
yarn,durable,1
characters,iconic,1
characters,australian,1
comedy,nostalgic,1
hair,big,1
clothes,bright,1
satire,cynical,1
satire,irregular,1
entertainment,fleeting,1
comedy,misbegotten,1
paste,more,1
premise,great,1
comedy,risky,1
comedy,inventive,1
slapstick,corny,1
glum,grim,1
analysis,final,1
standard,better,1
predecessor,superior,1
humour,more,1
climax,best,1
climax,schmaltzy,1
game,strange,1
game,awful,1
game,awesome,1
flick,standard,1
moms,fierce,1
sentimentality,gentle,1
choice,wrong,1
hero,ostensible,1
mess,draggy,1
theatrics,broad,1
theatrics,comic,1
product,minor,1
remade,classic,1
movie,forgettable,1
figures,close,1
trite,many,1
trite,questionable,1
trite,wearisome,1
throwback,passable,1
violence,boring,1
picture,gloomy,1
picture,serious,1
cappuccino,frothy,1
embraces,cathartic,1
substance,little,1
mess,confused,1
fiction,good,1
movie,schlocky,1
chuckles,mild,1
places,many,1
endeavors,mythological,1
relief,small,1
character,vulnerable,1
characters,worthwhile,1
characters,new,1
scares,memorable,1
fans,sharp,1
fans,reboot,1
',such,1
bits,brilliant,1
clearing,ostentatious,1
clearing,philosophical,1
strain,unseemly,1
fusion,awkward,1
cameo,customary,1
creek,certain,1
creek,unnamed,1
obligation,hearted,1
territory,familiar,1
attempt,valiant,1
embracing,constant,1
caricatures,rural,1
crime,main,1
cast,great,1
lady,leading,1
kind,weird,1
pictures,most,1
idea,noble,1
piece,effective,1
shop,cheap,1
case,insufferable,1
tics,nervous,1
movies,old,1
seasons,few,1
things,better,1
channels,more,1
mortals,mere,1
inane,uninspired,1
humor,repetitive,1
flick,predictable,1
film,routine,1
look,deep,1
sexuality,young,1
sexuality,male,1
circumstances,similar,1
circumstances,cinematic,1
tale,tedious,1
tale,predictable,1
hope,human,1
teenagers,privileged,1
teenagers,white,1
nature,serious,1
incidents,beloved,1
incidents,historical,1
parade,repellent,1
recruitment,military,1
film,actual,1
displays,superficial,1
level,funny,1
zone,guilty,1
accents,russian,1
meerkats,most,1
punch,feminist,1
gentleman,renowned,1
enterprise,whole,1
step,wrong,1
plot,sentimental,1
title,catchy,1
movie,nice,1
complex,industrial,1
goal,apparent,1
thrills,visceral,1
camerawork,athletic,1
screen,unappealing,1
points,low,1
messagey,sappy,1
movie,alien,1
conditions,very,1
example,prime,1
plot,dazzling,1
plot,thin,1
disservice,huge,1
remains,skeletal,1
enemies,mortal,1
comedy,sleek,1
reading,first,1
awfulness,sheer,1
awfulness,ponderous,1
thriller,serviceable,1
mess,implausible,1
pros,old,1
moment,single,1
mix,uneasy,1
sadness,unrealized,1
wind,empty,1
thrillers,outrageous,1
trouble,much,1
video,cute,1
material,enough,1
price,full,1
version,slapdash,1
adolescents,spoiled,1
institution,mental,1
thriller,credible,1
promise,ferocious,1
character,lead,1
mixture,jarring,1
sociology,graphic,1
drama,quiet,1
drama,domestic,1
values,decent,1
text,inert,1
dialogue,banal,1
understanding,little,1
bomb,spectacular,1
shit,same,1
shit,old,1
question,nagging,1
thought,little,1
comedy,unchallenging,1
output,recent,1
character,quirky,1
film,american,1
focus,damaging,1
tone,breezy,1
time,entire,1
rot,fragrant,1
debut,disappointing,1
debut,post,1
debut,-,1
debut,potter,1
chiller,creaky,1
lust,immature,1
lust,creative,1
figure,bland,1
figure,literary,1
truth,contrarian,1
thriller,spare,1
flavor,little,1
romance,deodorized,1
personalities,unpretentious,1
thriller,absurd,1
palette,sumptuous,1
palette,visual,1
heart,little,1
comedy,lighthearted,1
musicals,superior,1
guy,swell,1
parade,endless,1
episode,longest,1
fun,childish,1
hitter,favorite,1
thorns,old,1
horror,classic,1
level,visceral,1
construction,snooty,1
film,second,1
years,recent,1
hairdressing,competitive,1
house,overbuilt,1
guffaw,first,1
hit,miss,1
examination,great,1
examination,dramatic,1
resonances,weird,1
remake,tedious,1
mocking,esque,1
exercise,fatuous,1
premise,exciting,1
performances,lifeless,1
stupidity,general,1
stupidity,directorial,1
hours,nice,1
beats,emotional,1
film,personal,1
kids,lightweight,1
appreciation,extra,1
comedies,disastrous,1
emotion,genuine,1
sequences,unremarkable,1
queerness,bold,1
nihilism,bleak,1
film,original,1
wrinkle,new,1
idea,new,1
cataclysm,giant,1
moment,current,1
inquiry,journalistic,1
jokes,silly,1
soundtrack,overbearing,1
word,better,1
movie,appealing,1
movie,innocuous,1
spinning,constant,1
feature,full,1
melodrama,insipid,1
melodrama,academic,1
allegory,predictable,1
allegory,parable,1
boot,full,1
character,superficial,1
sameness,such,1
sameness,unrelenting,1
premise,creepy,1
pot,ludicrous,1
path,weird,1
joe,good,1
fans,hardcore,1
standards,low,1
laughs,quick,1
tears,cheap,1
classic,next,1
river,lazy,1
return,curious,1
archetype,paradigmatic,1
conclusion,improbable,1
act,boring,1
moment,iconic,1
bag,unconvincing,1
behaviors,unmotivated,1
payoffs,unearned,1
payoffs,emotional,1
stab,misguided,1
credibility,indie,1
drama,bizarre,1
drama,surreal,1
drama,salacious,1
taboos,ultimate,1
concept,compelling,1
concept,metaphysical,1
example,derivative,1
mayhem,incoherent,1
assortment,modest,1
moments,comic,1
lull,unbearable,1
thing,surprising,1
climax,tired,1
galore,more,1
work,anarchistic,1
sort,muddled,1
standards,high,1
narrative,illogical,1
narrative,visible,1
twist,final,1
ethics,oversimplified,1
scene,big,1
mothers,exhausted,1
freakiness,finesse,1
efforts,committed,1
cast,solid,1
fumbling,unable,1
critique,social,1
decade,past,1
story,interesting,1
film,forgettable,1
scale,human,1
emotions,recognizable,1
match,poor,1
class,english,1
lines,plausible,1
kicks,cutesy,1
wink,knowing,1
tale,functional,1
schoolboys,public,1
biopic,effective,1
biopic,literary,1
muscles,morbid,1
temperature,wrong,1
pedaling,soft,1
twists,preposterous,1
achievements,technical,1
imagination,fertile,1
film,uneven,1
ups,crazy,1
hour,laboured,1
hour,larded,1
machinations,typical,1
climaxes,multiple,1
climaxes,overblown,1
laughs,nice,1
cast,charismatic,1
roles,clichd,1
ethos,referential,1
vision,insular,1
fringe,lunatic,1
beings,superior,1
feet,few,1
thumbs,opposable,1
war,cold,1
scrape,latest,1
film,gloomy,1
family,dysfunctional,1
cast,gifted,1
names,big,1
dose,concentrated,1
child,misbehaving,1
people,only,1
date,dirty,1
connectivity,cyber,1
lines,few,1
school,private,1
administrator,snooty,1
caper,ludicrous,1
stirrer,disingenuous,1
spray,arterial,1
word,coagulated,1
word,generic,1
age,postmodern,1
age,post,1
age,-,1
age,ironic,1
exercise,slight,1
card,funny,1
bits,stupid,1
leads,charming,1
costars,unfaithful,1
drama,uneven,1
abuse,domestic,1
muddles,enough,1
farce,french,1
sitcom,middling,1
sparks,real,1
lunacy,sheer,1
audiences,original,1
romp,bland,1
sentences,important,1
tone,serious,1
hardships,worst,1
way,casual,1
character,fictional,1
film,fragmented,1
crisis,spiritual,1
genre,different,1
vision,unifying,1
vision,directorial,1
preoccupation,odd,1
themes,such,1
meat,much,1
life,tumultuous,1
bursts,few,1
bursts,short,1
scene,extended,1
actor,dramatic,1
act,fourth,1
grade,low,1
script,lousy,1
script,complete,1
direction,inept,1
acting,pathetic,1
cinematography,murky,1
mikes,visible,1
question,chief,1
flicks,dystopian,1
comedies,amusing,1
emphasis,heavy,1
cinema,modern,1
premise,romantic,1
actress,only,1
scenes,boring,1
steel,blue,1
look,famed,1
cinema,italian,1
subplot,murky,1
descent,inexplicable,1
misses,western,1
word,only,1
plunges,magic,1
plot,convoluted,1
intentions,many,1
sub,many,1
histrionics,many,1
language,rude,1
language,crude,1
streams,endless,1
guy,nice,1
glasses,special,1
version,final,1
mistake,first,1
conclusion,neat,1
story,larger,1
feeling,original,1
movie,whole,1
angle,new,1
films,older,1
films,better,1
history,egyptian,1
formula,biblical,1
formula,epic,1
moments,nice,1
comedy,mediocre,1
comedy,slapstick,1
artist,responsible,1
journalism,insightful,1
journalism,political,1
era,modern,1
movie,minded,1
parts,earlier,1
shifts,grounded,1
material,banal,1
continuation,feeble,1
continuation,incidental,1
films,earlier,1
film,worst,1
year,other,1
attempt,sloppy,1
attempt,forced,1
impact,emotional,1
reel,last,1
surface,polished,1
hit,original,1
hit,underground,1
thriller,compact,1
attributes,own,1
attributes,best,1
film,serious,1
moments,atmospheric,1
mess,hopeless,1
adaptations,worse,1
reset,hard,1
experience,dismal,1
characters,shallow,1
action,plastic,1
scenes,dull,1
city,underground,1
turn,dramatic,1
suits,prosthetic,1
suits,fat,1
concoction,awful,1
members,individual,1
fundamentals,rudimentary,1
tropes,same,1
ground,new,1
effects,neo,1
effects,-,1
effects,noir,1
sets,innovative,1
city,martian,1
cop,crooked,1
books,other,1
books,comic,1
people,most,1
state,moral,1
movie,last,1
background,heavy,1
originals,brilliant,1
movie,bloodless,1
approach,mannered,1
vanity,hollow,1
problem,serious,1
movements,only,1
effect,claustrophobic,1
student,talented,1
visuals,ambitious,1
mythology,wicked,1
mythology,cool,1
string,second,1
actor,disposable,1
chasm,deep,1
spectacle,monotonous,1
numbers,several,1
trauma,real,1
whimsy,good,1
marathon,latest,1
viewers,attentive,1
thoughts,such,1
level,shalit,1
pun,obvious,1
development,good,1
noise,much,1
conceit,clever,1
lack,total,1
script,unimpressive,1
misstep,obvious,1
battle,wacky,1
people,young,1
characters,fictional,1
situations,contrived,1
voice,avuncular,1
cat,fat,1
adulthood,rational,1
information,interesting,1
fans,huge,1
waste,utter,1
decency,common,1
string,frustrating,1
moments,pleasurable,1
success,mild,1
turn,magnetic,1
character,central,1
message,good,1
duty,acrobatic,1
consequence,desperate,1
filmmaker,flashy,1
filmmaker,new,1
frontman,terrific,1
mark,intended,1
numbers,fine,1
mundanity,derivative,1
pawns,various,1
ideas,intricate,1
drama,more,1
drama,teen,1
insight,altruistic,1
sympathy,unexpected,1
impression,distinct,1
moments,ancillary,1
story,actual,1
numbers,negative,1
binge,lengthy,1
meaning,more,1
curiosity,amusing,1
trifle,silly,1
trifle,little,1
wisecracks,more,1
executives,averse,1
possibilities,unique,1
setting,unusual,1
scenario,shopworn,1
accomplishment,slim,1
ideas,old,1
pants,baggy,1
caps,backward,1
kids,american,1
sports,extreme,1
adventure,awful,1
language,chinese,1
voice,distinctive,1
perplexing,unsatisfying,1
decisions,inexplicable,1
insights,enough,1
insights,novel,1
viewing,essential,1
films,strangest,1
films,little,1
bore,incoherent,1
tissue,much,1
tissue,connective,1
story,cohesive,1
features,recent,1
features,traditional,1
work,anonymous,1
structure,poor,1
belief,mistaken,1
distinction,greatest,1
orchestra,unseen,1
chorus,urgent,1
cue,pavlovian,1
theatrics,cutesy,1
chorals,agreeable,1
droppings,pretentious,1
finish,bolder,1
pressing,bad,1
film,favorite,1
film,saw,1
films,favorite,1
movie,routine,1
brow,high,1
comedy,heavy,1
audience,urban,1
dazzle,stylistic,1
candidate,unlikely,1
public,filmgoing,1
episode,extended,1
film,colorful,1
terms,simple,1
nuance,enough,1
film,disappointing,1
plotting,contrived,1
book,good,1
behavior,immature,1
behavior,male,1
theory,dubious,1
problem,major,1
trick,stupid,1
buttons,hot,1
storytelling,good,1
distraction,unnecessary,1
footage,archive,1
intent,apparent,1
film,intolerant,1
film,simplistic,1
presumes,marmaduke,1
beings,loathsome,1
beings,stupid,1
things,funny,1
character,second,1
rooms,grungy,1
flesh,mortified,1
torture,elaborate,1
exercise,creative,1
view,bleak,1
nature,human,1
scenes,aimless,1
book,popular,1
target,old,1
pun,puny,1
buck,big,1
thrillers,enough,1
movie,entire,1
vulgarity,obviousness,1
spiritedness,mean,1
mess,silly,1
storytelling,methodical,1
intentions,own,1
interest,little,1
audience,contemporary,1
stamp,wide,1
film,out,1
one,good,1
steaks,dramatic,1
boundaries,comedic,1
unyielding,underdeveloped,1
draft,semi,1
draft,-,1
draft,interesting,1
sequel,unnecessary,1
kink,sexual,1
interest,odd,1
physics,quantum,1
fee,rental,1
mess,feeble,1
biopic,spirited,1
suspense,much,1
emotions,uneven,1
fantasy,innovative,1
level,spiritual,1
gags,yokel,1
pace,snail's,1
pans,horizontal,1
affectations,other,1
unlikeability,overall,1
characters,major,1
bid,trashy,1
shindig,monthslong,1
journey,conventional,1
adaptation,soulful,1
adaptation,more,1
change,refreshing,1
film,typical,1
persona,gregarious,1
reign,free,1
subject,short,1
lot,whole,1
idea,funny,1
kids,superficial,1
panache,visual,1
substance,minimal,1
chapters,incredible,1
shenanigans,grotesque,1
joy,reckless,1
interactions,continual,1
interactions,comedic,1
plotlessness,tiresome,1
messages,hearty,1
messages,moral,1
genres,incompatible,1
movie,unsilly,1
trudge,impaired,1
trudge,postapocalyptic,1
fluff,humorous,1
fluff,best,1
truth,unpleasant,1
stretch,first,1
entertainment,harmless,1
ones,young,1
trappings,usual,1
trappings,tinsel,1
groove,bittersweet,1
scenes,big,1
scenes,final,1
up,microscopic,1
up,close,1
doubt,nagging,1
psychodrama,incisive,1
blues,old,1
blues,nordic,1
strides,huge,1
sequel,irrelevant,1
effort,more,1
script,old,1
film,tasteful,1
film,overstuffed,1
cliches,many,1
issue,biggest,1
energy,much,1
catastrophe,boring,1
catastrophe,free,1
occasion,rare,1
performance,tender,1
style,distinctive,1
family,imperiled,1
event,initial,1
drowns,taut,1
drowns,suspenseful,1
blend,sluggish,1
effort,darker,1
tech,fancy,1
rate,super,1
rate,-,1
disaster,ecological,1
example,early,1
turn,fascinating,1
turn,early,1
director,heady,1
feet,metaphysical,1
concept,dependable,1
rights,gay,1
moments,memorable,1
language,foul,1
killings,gruesome,1
subplots,unnecessary,1
beats,predictable,1
problem,basic,1
scruffiness,own,1
profundity,poetic,1
murderer,notorious,1
murderer,cannibal,1
bored,classic,1
breakdowns,societal,1
use,constant,1
footage,actual,1
cinematography,crisp,1
fans,forgiving,1
example,perfect,1
deficiencies,glaring,1
monster,same,1
hygiene,personal,1
times,fraught,1
generation,medicated,1
monument,cinematic,1
movement,current,1
elements,interesting,1
collage,predictable,1
bag,grab,1
pieces,set,1
garbage,cinematic,1
tropes,familiar,1
reminder,more,1
making,hopeless,1
making,american,1
climax,bodacious,1
fare,watchable,1
subject,compelling,1
warlords,evil,1
monks,nifty,1
tale,epic,1
viewing,acceptable,1
number,memorable,1
number,musical,1
comedy,little,1
time,past,1
life,fresh,1
appreciation,better,1
vulnerability,edgy,1
figure,sympathetic,1
apocalypse,weird,1
stuff,gratuitous,1
stuff,flat,1
yarn,funny,1
yarn,female,1
state,altered,1
item,hot,1
proportions,tragic,1
screenplay,better,1
torment,vengeful,1
agent,creepy,1
piece,obvious,1
action,mediocre,1
renditions,glitzy,1
renditions,concerned,1
sequences,iconic,1
energy,deep,1
energy,manic,1
numbers,incompetent,1
waste,huge,1
access,much,1
project,humongous,1
success,complete,1
girls,little,1
chief,corrupt,1
lesson,complete,1
decisions,amateur,1
news,sad,1
failure,resolute,1
script,awful,1
direction,footed,1
acting,terrible,1
score,intrusive,1
teleplay,unproduced,1
example,hideous,1
history,cinematic,1
season,final,1
dimension,extra,1
comedies,minded,1
metaphor,central,1
monster,figurative,1
one,real,1
gimmick,elaborate,1
energy,feisty,1
aspect,superficial,1
show,unfocused,1
show,hedonistic,1
experience,miserable,1
aspects,odd,1
productions,latest,1
chills,decent,1
characters,thin,1
stuff,stupid,1
look,good,1
misfire,loud,1
misfire,overblown,1
audiences,charming,1
nastiness,sheer,1
nuance,psychological,1
seat,distant,1
seat,back,1
plot,formulaic,1
visuals,cool,1
vehicle,better,1
weight,emotional,1
dive,deep,1
end,shallow,1
story,incredible,1
film,lethargic,1
date,perfect,1
movie,unfortunate,1
disservice,embarrassing,1
property,old,1
waste,frightful,1
fun,good,1
fun,old,1
fun,fashioned,1
movie,average,1
thing,lovely,1
installments,further,1
development,welcome,1
schlock,hysterical,1
minutes,longest,1
imagination,impressive,1
movie,post,1
movie,-,1
movie,apocalypse,1
scenes,cool,1
premise,ridiculous,1
attention,much,1
tale,joyless,1
tale,twisted,1
intrigue,interstellar,1
twists,convoluted,1
sympathy,surprising,1
plotlines,other,1
urge,overwhelming,1
contribution,immeasurable,1
roaster,amazing,1
certitude,leaden,1
promise,meager,1
date,later,1
plot,vague,1
chance,good,1
man,hit,1
storyline,similar,1
comedy,dismal,1
qualities,attractive,1
pastiches,other,1
pastiches,pseudo,1
pastiches,-,1
pastiches,biblical,1
fifties,fine,1
fifties,old,1
antihero,good,1
critic,next,1
role,heroic,1
story,great,1
timing,bad,1
problems,lesser,1
concern,bigger,1
thriller,effective,1
houses,suburban,1
places,nice,1
wing,x,1
wing,-,1
intentions,pure,1
girl,nice,1
girl,mean,1
whole,believable,1
attempt,pitiful,1
process,corporate,1
construction,sloppy,1
subplot,ludicrous,1
fits,mere,1
humility,more,1
portrayals,onscreen,1
agent,secret,1
spoof,substandard,1
dialogue,unfunny,1
bloodbaths,usual,1
chapter,final,1
romance,generic,1
trifle,frantic,1
trifle,eager,1
energy,sloppy,1
direction,clunky,1
bunch,swell,1
adventure,universal,1
adventure,european,1
dragons,good,1
legend,ancient,1
legend,korean,1
script,lazy,1
script,hollow,1
character,original,1
pace,dry,1
obsession,erotic,1
card,inspirational,1
ritual,new,1
take,pointless,1
gangster,infamous,1
act,3rd,1
proof,critic,1
proof,honest,1
abominations,soulless,1
abominations,corporate,1
guy,bad,1
way,fundamental,1
action,remarkable,1
effects,stunning,1
outing,third,1
ending,contrived,1
hour,interminable,1
fare,usual,1
productions,older,1
prowess,technical,1
swag,cinematic,1
ways,creative,1
points,outrageous,1
audience,young,1
film,scripted,1
use,heavy,1
eyes,very,1
game,shell,1
transition,uneasy,1
notes,few,1
notes,flat,1
pleasures,subtle,1
snapshot,bittersweet,1
snapshot,akin,1
direction,static,1
performances,overblown,1
conflicts,dull,1
mindset,american,1
look,fascinating,1
flick,turgid,1
information,key,1
surprise,gleeful,1
comedy,raunchy,1
touches,nifty,1
sequences,big,1
scenes,heavy,1
noirish,less,1
corrosive,theatrical,1
experience,painful,1
nature,formulaic,1
characterizations,thin,1
prank,elaborate,1
power,hefty,1
members,minded,1
congregation,cinematic,1
narration,lifeless,1
answer,complete,1
films,modern,1
profanity,constant,1
script,immature,1
film,third,1
seriousness,high,1
seriousness,moral,1
conceit,central,1
films,insidious,1
child,haunted,1
touches,delicate,1
scares,sobering,1
question,same,1
efficiency,brutal,1
parlance,critic,1
flourishes,bad,1
flourishes,writerly,1
sequences,bookend,1
impact,more,1
stretch,extended,1
stretch,middle,1
twists,silly,1
stabs,misguided,1
complexity,moral,1
battles,epic,1
explosions,thunderous,1
drama,intense,1
tale,absurd,1
clichés,many,1
film,sustainable,1
film,short,1
hardcore,emotional,1
things,shiny,1
value,nostalgic,1
affair,entire,1
dramas,more,1
dramas,small,1
sense,nagging,1
movie,lesser,1
designs,many,1
clichéd,tacky,1
attempt,mealymouthed,1
satire,political,1
sourness,pervasive,1
stuff,thin,1
stuff,derivative,1
stuff,obvious,1
momentum,real,1
comedy,derivative,1
ending,expected,1
competitor,nearest,1
hardware,latest,1
software,screenwriting,1
setup,long,1
meat,real,1
failure,profound,1
proportions,unprecedented,1
efforts,absolute,1
efforts,worst,1
career,long,1
passion,little,1
mind,less,1
drama,unconvincing,1
one,poor,1
bag,mixed,1
laughs,occasional,1
smile,big,1
leader,flinty,1
imitation,passable,1
finishes,possible,1
finishes,exhausting,1
story,wooden,1
movie,mystic,1
music,funkadelic,1
days,last,1
fluids,other,1
fluids,bodily,1
filmmaking,subversive,1
interest,enormous,1
history,early,1
moviegoers,ordinary,1
going,tough,1
children,small,1
cast,stellar,1
cast,comedic,1
pal,cyber,1
appeal,primary,1
films,mumblecore,1
performance,committed,1
level,dramatic,1
shifts,whole,1
hour,eleventh,1
indie,modest,1
circuit,fest,1
piece,professional,1
point,particular,1
bit,fluffy,1
picture,sadistic,1
obsession,infantile,1
point,discernible,1
bucks,few,1
autopsy,veritable,1
gleam,tempting,1
fable,clumsy,1
message,predictable,1
performance,impressive,1
film,lazy,1
effort,real,1
effort,inventiveness,1
twist,predictable,1
premise,intriguing,1
memories,nightmarish,1
thing,entire,1
gore,frequent,1
joke,whole,1
choice,poor,1
choice,accent,1
construction,airless,1
chance,scant,1
saga,new,1
references,empty,1
aesthetic,septuagenarian,1
movie,mega,1
movie,budget,1
movie,american,1
scenes,ramble,1
stabs,most,1
timing,genuine,1
timing,comic,1
screenwriting,lackadaisical,1
characters,dull,1
entertainment,triumphalist,1
event,tragic,1
activity,terrorist,1
fodder,more,1
picture,larger,1
hoarder,proverbial,1
stuff,new,1
entry,refreshing,1
respects,other,1
characters,idiosyncratic,1
images,potent,1
love,homosexual,1
people,little,1
ideas,big,1
misfire,massive,1
movie,noisy,1
moments,exciting,1
content,gratuitous,1
art,cinematic,1
levels,new,1
ecstasy,orgasmic,1
rendering,insipid,1
life,early,1
gruel,thin,1
conversationalist,interesting,1
comedy,new,1
comedy,surrogate,1
jokes,familiar,1
script,generic,1
profile,genetic,1
waste,bodily,1
novelty,mere,1
access,little,1
models,young,1
models,ready,1
blobs,magical,1
blobs,gelatin,1
abs,own,1
weapons,flashy,1
modes,cool,1
thing,frustrating,1
truth,dirty,1
nightmare,complete,1
melange,unholy,1
spectacles,big,1
spectacles,noisy,1
destruction,global,1
touch,human,1
dialogue,decent,1
avenger,listless,1
anxieties,extra,1
prowess,physical,1
announces,cedric,1
control,tonal,1
parody,unconscious,1
1960s,other,1
dramas,european,1
crises,existential,1
movie,scary,1
mischief,amusing,1
stereotypes,spirited,1
mood,festive,1
waster,decent,1
overlay,needless,1
pseudo,mediocre,1
pseudo,aware,1
account,dismal,1
figure,historical,1
nods,constant,1
phoniness,precious,1
ethics,medical,1
assault,sustained,1
ducts,tear,1
screen,agreeable,1
hero,bland,1
collar,blue,1
hero,earthy,1
wife,worried,1
man,negligent,1
route,shortest,1
soul,own,1
level,epic,1
description,ok,1
fare,standard,1
phony,chaotic,1
script,dubious,1
place,better,1
account,authentic,1
event,historical,1
treatment,such,1
drama,moralistic,1
choices,misguided,1
choices,unproductive,1
tones,incoherent,1
excess,flamboyant,1
area,strange,1
ends,opposite,1
quality,aesthetic,1
leaps,many,1
leaps,great,1
teens,unlikely,1
parents,very,1
indication,much,1
script,libbed,1
voice,narcissistic,1
personality,enough,1
bond,unlikely,1
grad,rebebllious,1
man,older,1
explanation,plausible,1
squats,ensemble,1
purgatory,cinematic,1
scenes,funny,1
skill,natural,1
filmography,cratered,1
desire,distinct,1
prank,biggest,1
ways,right,1
promise,fuzzier,1
trip,ego,1
showoff,talentless,1
times,great,1
viewers,most,1
portrait,admiring,1
campaign,presidential,1
despot,evil,1
king,last,1
wipes,fancy,1
angles,expressionistic,1
illogic,endless,1
comedy,shakespearean,1
films,pre,1
films,-,1
films,wonder,1
villains,quintessential,1
idea,intriguing,1
teases,maleficent,1
plot,overall,1
album,last,1
feat,hard,1
drama,dull,1
style,usual,1
style,high,1
style,melodramatic,1
thing,second,1
thing,embarrassing,1
caution,much,1
lust,little,1
tradition,great,1
name,marketable,1
debate,congressional,1
manipulation,emotional,1
mood,bi,1
mood,-,1
mood,polar,1
miss,first,1
miss,definitive,1
cast,impressive,1
events,significant,1
concept,same,1
carnage,creative,1
territory,loaded,1
style,cool,1
density,such,1
speed,high,1
picture,complete,1
awareness,adolescent,1
jolt,occasional,1
setting,eerie,1
flair,visual,1
mimic,insidious,1
mimic,defective,1
improvement,slight,1
sequel,previous,1
plot,basic,1
plot,repetitive,1
mystery,biggest,1
heart,enough,1
script,weak,1
characters,unsympathetic,1
plot,nonsensical,1
bore,major,1
space,inner,1
landscape,internal,1
look,boring,1
drama,black,1
stars,lead,1
suspense,precious,1
hand,heavy,1
kind,depressing,1
gags,cheap,1
tone,consistent,1
jokes,fart,1
flag,white,1
response,appropriate,1
parody,horny,1
parody,gay,1
words,bad,1
layers,dramatic,1
whole,cohesive,1
tier,second,1
fun,silly,1
paycheck,decent,1
work,much,1
point,same,1
chick,stereotypical,1
flicks,other,1
version,intellectual,1
type,familiar,1
type,alcoholic,1
dialogue,snappy,1
documentary,second,1
bumps,many,1
moments,ponderous,1
film,black,1
role,first,1
number,odd,1
number,little,1
times,different,1
mood,right,1
company,wrong,1
qualifies,best,1
attempt,interesting,1
perspectives,additional,1
niche,particular,1
instincts,worst,1
cross,smart,1
cross,little,1
snort,heady,1
regard,mighty,1
yarn,strange,1
crap,pre,1
crap,-,1
crap,packaged,1
adults,witted,1
end,lower,1
hit,first,1
engine,perpetual,1
chain,unkillable,1
cynicism,toxic,1
way,different,1
developments,unconvincing,1
cover,new,1
reason,little,1
event,horrible,1
redux,pale,1
redux,uninspired,1
redux,unnecessary,1
going,dull,1
tale,goofy,1
example,worst,1
faces,serious,1
disappointment,overall,1
laughs,sporadic,1
life,hectic,1
decisions,awkward,1
decisions,creative,1
mechanics,conventional,1
time,little,1
audience,same,1
schoolchildren,disadvantaged,1
possibilities,comedic,1
mammals,small,1
characters,beloved,1
city,big,1
film,long,1
characters,tiny,1
release,recent,1
crafty,creepy,1
pockets,unnecessary,1
pathos,obvious,1
regularity,consistent,1
wonders,technical,1
originality,real,1
effects,clumsy,1
mushfest,prototypical,1
effects,believable,1
measure,equal,1
documentary,beautiful,1
piece,rankest,1
time,hard,1
updates,extensive,1
film,casual,1
profundity,deeper,1
adaptation,dull,1
madness,juvenile,1
madness,pathetic,1
composite,deformed,1
anonymity,total,1
invasion,alien,1
shots,cool,1
wasteland,uninhabited,1
actors,smug,1
comedy,radical,1
figures,pretty,1
net,wide,1
mythology,thoughtful,1
policeman,single,1
scenes,umpteen,1
prequel,superfluous,1
balance,right,1
detachment,amused,1
exploration,deeper,1
story,inspirational,1
budget,enormous,1
desert,african,1
surprises,few,1
crossness,persistant,1
dismay,headmistressy,1
premises,incompatible,1
matchmaking,romantic,1
netherworld,scary,1
script,inept,1
satire,redemptive,1
machismo,male,1
cast,enough,1
tale,simple,1
stops,cliched,1
stops,melodramatic,1
character,fascinating,1
movies,inspirational,1
plot,incoherent,1
performances,confused,1
script,lame,1
interests,aesthetic,1
case,exasperating,1
chord,bitter,1
actress,pinched,1
theories,fascinating,1
flick,neonoir,1
question,momentous,1
connection,familial,1
tribunal,international,1
crimes,possible,1
courtroom,midwestern,1
vision,new,1
action,affirmative,1
rewrites,few,1
films,great,1
vehicle,soggy,1
one,single,1
thud,lethal,1
culture,popular,1
charisma,real,1
atmosphere,oppressive,1
universes,moral,1
twists,deft,1
layers,darker,1
kids,frustrated,1
kids,confused,1
episode,glossy,1
gags,repetitious,1
satire,anti,1
satire,-,1
satire,establishment,1
artists,various,1
development,historical,1
way,clinical,1
suburbia,white,1
holes,sized,1
holes,non,1
holes,-,1
action,top,1
politics,american,1
topics,more,1
obsession,modern,1
source,outdated,1
gags,many,1
coincidence,outrageous,1
wanton,abstract,1
ugliness,sheer,1
characters,recognizable,1
sets,spectacular,1
look,original,1
percentage,good,1
shark,toothed,1
rein,free,1
desires,murderous,1
trip,long,1
writers,most,1
break,long,1
film,interesting,1
times,such,1
films,identical,1
dozen,least,1
premise,ripe,1
experiment,multi,1
experiment,-,1
experiment,metaphorical,1
life,private,1
press,hungry,1
effect,unnecessary,1
sentiment,spurious,1
piece,new,1
candidate,prime,1
screening,first,1
comedy,tedious,1
comedy,intersect,1
desperation,quiet,1
collaboration,fruitful,1
hunting,excellent,1
hunting,good,1
films,idiosyncratic,1
picture,simplistic,1
truth,awful,1
remake,new,1
times,countless,1
tale,realist,1
results,mixed,1
exercise,bland,1
move,brilliant,1
poetry,interstitial,1
sensationalism,occasional,1
conflict,predictable,1
dozen,half,1
guide,checklist,1
points,finer,1
stupidity,rampant,1
audiences,general,1
talk,complex,1
way,better,1
erase,dry,1
nil,=,1
billing,second,1
actions,inexplicable,1
coincidences,dubious,1
scares,good,1
kills,solid,1
level,emotional,1
dvd,dodgy,1
housewives,real,1
sequel,second,1
way,good,1
tone,compelling,1
bit,dull,1
misjudgment,crucial,1
changes,unfounded,1
changes,total,1
melodrama,deadly,1
melodrama,slow,1
booga,ooga,1
manner,different,1
vogue,current,1
difficulty,extraordinary,1
patriotism,hollow,1
flaw,biggest,1
predictability,sheer,1
expression,pleasant,1
expression,enough,1
beats,familiar,1
moments,brief,1
overload,sensory,1
assistance,ineffective,1
duties,comic,1
out,flat,1
remake,pointless,1
piece,pointless,1
piece,indulgent,1
joke,old,1
entertainment,spectacular,1
veneer,uncomfortable,1
mess,loud,1
mess,stupid,1
mess,riddled,1
owls,mechanical,1
emphasis,handed,1
stuff,emotional,1
questions,separate,1
questions,unanswered,1
medicine,green,1
depictions,many,1
depictions,dubious,1
read,poor,1
arc,ordinary,1
story,sub,1
story,-,1
story,par,1
ending,smart,1
atmosphere,clammy,1
airs,sinful,1
experience,cold,1
experience,airless,1
wannabes,future,1
performance,incompetent,1
mess,unfunny,1
mess,derivative,1
franchises,maddening,1
nostalgia,little,1
uplift,cheesy,1
status,-,1
status,good,1
acting,bad,1
brainteaser,dead,1
ripostes,dull,1
performance,fascinating,1
whole,convincing,1
plucking,strenuous,1
plucking,shameless,1
piece,full,1
drivel,derivative,1
dank,more,1
dramedy,goopy,1
sentence,terrifying,1
laughs,many,1
clichs,boring,1
situations,familiar,1
points,historic,1
episode,unknown,1
transformation,uneasy,1
transformation,spiritual,1
banality,thematic,1
homilies,more,1
homilies,like,1
object,gorgeous,1
game,conservative,1
franchise,entire,1
comedy,lifeless,1
way,only,1
cops,latest,1
cops,wrong,1
experience,empty,1
feature,first,1
case,good,1
news,good,1
minutes,mere,1
stooges,old,1
sequel,original,1
comedy,good,1
failure,headed,1
filmmaker,prolific,1
center,emotional,1
flick,bitter,1
man,old,1
collection,disagreeable,1
specimens,cynical,1
picture,single,1
change,social,1
moment,exact,1
excitement,more,1
dimension,more,1
hell,whole,1
opera,lame,1
opera,trashy,1
opera,teenage,1
material,lurid,1
purposes,dramatic,1
bid,failed,1
quirkiness,high,1
profile,high,1
script,second,1
season,worse,1
eroticism,blunt,1
reviw,full,1
premise,tense,1
tricks,familiar,1
rock,cool,1
succession,discombobulated,1
characters,interesting,1
line,single,1
laughter,genuine,1
taste,good,1
sidelines,dramatic,1
purpose,little,1
flick,other,1
flick,cross,1
flick,-,1
flick,country,1
ears,outsize,1
caricature,bad,1
effect,rewarding,1
commercial,sunscreen,1
screenplay,toned,1
string,opaque,1
assumptions,convenient,1
mess,disastrous,1
people,other,1
trip,frenetic,1
slog,exhausting,1
shadow,large,1
environment,impressively,1
productions,larger,1
productions,musical,1
bore,small,1
man,paralyzed,1
man,original,1
things,small,1
deal,great,1
sequences,strong,1
touches,clever,1
plot,ludicrous,1
movie,black,1
captain,titular,1
casting,clever,1
notch,top,1
audience,mass,1
disappointment,substantial,1
thrills,real,1
thrills,dependent,1
jeopardy,real,1
jeopardy,believable,1
spectacle,absurd,1
episode,fifth,1
tales,more,1
look,irreverent,1
biopic,irrelevant,1
reason,much,1
off,shameless,1
brats,spoiled,1
film,manufactured,1
storyline,coherent,1
spring,last,1
missteps,crucial,1
crowdpleaser,inspirational,1
ideas,compelling,1
filmmaking,sloppy,1
flick,creep,1
test,litmus,1
attitudes,racial,1
characters,black,1
time,running,1
pace,brisk,1
flair,evident,1
argument,convincing,1
refusal,steadfast,1
constipation,dramatic,1
drama,deadly,1
star,radiant,1
encounter,alien,1
conditions,impoverished,1
period,interesting,1
years,final,1
soul,little,1
tone,lighter,1
intentions,hazy,1
business,more,1
execution,artful,1
notes,high,1
performers,fascinating,1
actress,terrific,1
gaps,cavernous,1
effect,same,1
store,local,1
sets,adjoining,1
operas,different,1
work,delicate,1
piece,strange,1
piece,lightweight,1
fluff,ephemeral,1
movie,disappointing,1
movie,mediocre,1
film,curious,1
events,many,1
lesson,episodic,1
story,remarkable,1
escapades,wartime,1
well,hearted,1
amusement,moderate,1
tale,good,1
tale,vampire,1
goofiness,goth,1
movies,saw,1
nausea,cinematic,1
movie,biggest,1
stab,dismal,1
thriller,comic,1
actress,lead,1
codgers,old,1
illnesses,undisclosed,1
illnesses,fatal,1
ways,cliched,1
evolution,human,1
needles,hypodermic,1
foot,own,1
person,sad,1
cop,honest,1
story,violent,1
filmmaker,talented,1
mind,brilliant,1
predilections,distasteful,1
predilections,sexual,1
bits,few,1
muck,silly,1
films,notable,1
plot,lazy,1
performances,lacklustre,1
pieces,unfunny,1
efficiency,more,1
person,single,1
mistake,crucial,1
characters,mean,1
faces,dirty,1
joke,big,1
joke,dumb,1
loitering,cinematic,1
manner,colorless,1
bomb,fashioned,1
bomb,super,1
bomb,-,1
subject,nice,1
knees,bad,1
scenes,quiet,1
ending,lovely,1
hour,last,1
piece,big,1
piece,glossy,1
way,own,1
story,sentimental,1
games,modern,1
insight,little,1
bore,colossal,1
sensibilities,moral,1
off,crude,1
script,insipid,1
humor,dark,1
way,gutless,1
torpor,flaccid,1
contempt,utter,1
overwrought,static,1
pressure,professional,1
fluctuation,wild,1
fluctuation,tonal,1
protagonist,charismatic,1
access,emotional,1
guys,white,1
howlers,many,1
movie,23rd,1
beast,durable,1
imbecility,amiable,1
output,crummier,1
ending,cyclical,1
